recipe_tag	coefficient
alfredo	0.010412216252020372
almond	0.04275141649931917
american	0.01876162081027828
appetizer	0.013525628625596801
appetizers	0.03881062544407729
apple	0.01863999283206274
asiancuisine	0.025298682229737995
asparagus	-0.09230309350208413
avocado	-0.03899439619740823
bacon	-0.011113013060567764
baked	0.05346011717675175
bakeddishes	0.0406409161288341
bakery	0.0022863446217168786
baking	0.10231594146749984
beans	-0.011047474300968477
beef	0.020399371024604315
bellpeppers	-0.024136046777293158
berries	0.02016873143866097
blackbeans	-0.024136046777293158
blackvinegar	0.039158850393162456
blueberry	0.007672796412315578
boiledeggs	0.015979659817405845
bokchoy	0.015979659817405845
braided	-0.007925072142718143
bread	0.03742017142980209
breaded	0.0073892970365143865
breakfast	0.051393405366910366
breakfastpastry	0.03989947316626222
brioche	0.009162996540114885
broiling	0.02147281471292443
brownies	0.06204115731072879
brownsugar	0.008785429484487375
brunch	0.04689786341361661
burger	-0.05100014746035367
burritos	-0.06095336798470455
buttery	0.0515232320843472
cake	-0.024894797854878144
carrots	0.015979659817405845
casserole	-0.02398095073533387
celebration	0.03767102297053782
cheese	-0.00758302575876792
cheesy	0.0343181736206928
cherry	0.0006204212817041768
chicken	0.024066477096994835
chickpeas	-0.05100014746035367
chilioil	0.023878191730758364
chilipowder	-0.024136046777293158
chinese	0.03158752389965075
chinesecookingwine	-0.015280658662404092
chinesecuisine	0.009392277027634965
chocolate	-0.04354121865889732
chocolatechip	0.07435237667815191
chocolatecroissant	0.03989947316626222
christmas	-0.032112858685096016
cilantro	0.0007825260409798571
cinnamon	0.03570276901686073
citrus	-0.0627230960092147
classic	-0.008360919142152035
cloves	0.015519392660401676
cobbler	0.02089117206777303
cocoapowder	-0.006327243404311936
coffee	0.010901483374905242
cold	0.03158752389965075
coldnoodles	-0.03398749472711818
comfortfood	0.10391297422532869
condiment	-0.10454255010460675
cookies	-0.08643445180055419
corn	0.03767102297053782
cranberry	-0.017654904553203142
creamcheese	-0.07295241145053703
creamy	0.02699392842064557
crisp	0.08040423821575696
crispy	0.0036951085172642357
croissant	0.010901483374905242
croissants	0.07219480294275193
crumble	0.02729060425940864
crust	0.015519392660401676
cucumber	-0.03398749472711818
cumin	-0.024136046777293158
cupcakes	0.011007019232346003
custard	-0.035014308134235464
custardy	-0.0005324031804009025
customizable	0.07120929215711466
danish	-0.07295241145053703
dashibroth	0.03610050762993429
dates	-0.09069416441683954
decadent	0.03109871008278027
dessert	0.09430135354733364
dinner	0.005829788291650274
dip	0.035167772497758855
donuts	-8.211256566927587e-05
easterneuropean	-0.007925072142718143
easy	0.048994812707060506
easydinner	0.05214132234280386
egg	0.04598541163058187
eggs	-0.04198198568399088
eggwhites	0.005656100718445992
fajitaseasoning	0.029710812312435508
fall	0.00879312481906656
familyfriendly	0.028160371607469988
fastfood	0.0073892970365143865
fetacheese	0.024152978553239064
filling	0.07757148362916584
fingerfood	-0.030884539300147788
flaky	-0.0003166257657588878
french	0.06046879818818232
frenchcuisine	-0.04638154285308331
frenchpastry	0.05308730116288434
fresh	0.010688528708586057
fried	-0.06699458326951027
friedfood	0.08836487516266799
friedrice	0.0063621914720511765
fries	0.018021993125423384
frosting	-0.01388777862253214
fruit	0.017738350008837014
fudgy	0.03902378222549841
gamedayfood	0.06610100935725516
ganache	-0.01856755445056621
garlic	-0.04594190135223629
ginger	-0.015280658662404092
glutenfree	0.09592557694880331
goldenbrown	0.016859228017715527
greenbeans	-0.04639497170755277
greenonion	-0.0306612426898322
greenonions	-0.044973708167298704
grill	-0.05100014746035367
grilled	-0.03326767937061204
grilling	0.02147281471292443
groundbeef	0.001365167415462676
gruyere	0.010118252861653602
gruyerecheese	0.012938188851096488
guacamole	-0.005472708765826128
hamandcheese	-0.07295241145053703
hamburger	-0.04349934100587687
handheld	0.07120929215711466
handtorndough	-0.030804214188400375
hawaii	-0.04349934100587687
hawaiian	0.008296008078701867
healthy	-0.04190398179469973
herbs	-0.026950650103281213
holiday	0.0055581642854417995
homemade	0.025436398440425348
indulgent	0.011007019232346003
italian	0.03737522369978677
italiancuisine	0.010412216252020372
jalapenos	0.018021993125423384
japanesecuisine	0.06332400832483652
juicy	0.027190350780897637
ketchup	-0.04349934100587687
keto	0.056056801804282956
kidfriendly	-0.030884539300147788
koreancuisine	-0.030804214188400375
laminateddough	0.0022863446217168786
lasagna	-0.03334736759461152
lattice	0.015519392660401676
lettuce	-0.03794346461135953
lime	0.01606318470338395
loadednachos	0.04807901623183178
lowcarb	0.056056801804282956
lunch	0.005829788291650274
macandcheese	0.027526331601046474
maple	-8.211256566927587e-05
maplesyrup	0.022385717478903083
masa	0.03767102297053782
mayonnaise	-0.04349934100587687
meal	0.0073892970365143865
mealprep	0.021610685758483513
meat	0.01632798441985261
meatsauce	0.014543490966724472
mexican	0.11644484026233208
mexicancuisine	0.1136487235193846
mexicanfood	0.04807901623183178
middleeastern	0.05564721367245281
miso	0.015979659817405845
muffins	0.021610685758483513
mushroom	-0.10545160166406055
mushrooms	0.015979659817405845
nachos	0.05600088996370734
noodles	0.08199021517030959
noodlesoup	0.015979659817405845
nori	0.008296008078701867
numbing	-0.04504723202793158
nutmeg	0.02430482214488905
oat	0.05511110861168893
oats	-0.005672524647405498
onion	0.07145288554610461
onions	0.0055747655351423495
onthego	0.008296008078701867
oven	0.03989947316626222
oysters	0.045962061780462145
pacificislands	-0.04349934100587687
pancakes	0.022385717478903083
parmesan	0.010118252861653602
partyfood	-0.02351056039063286
pasta	0.06077028058612914
pastasauce	0.014543490966724472
pastry	0.010015549948969402
pastrycrust	0.013470592031497391
peach	0.06446877003677248
peanutbutter	0.054480622092508584
peanutdressing	0.028624934267023977
peanuts	0.039158850393162456
peppers	0.029710812312435508
pickledvegetables	-0.08961371866938735
pie	0.03428101347067996
piecrust	0.024152978553239064
pork	0.039158850393162456
porkbelly	0.015979659817405845
potatoes	-0.06095336798470455
protein	0.021610685758483513
puffpastry	0.03989947316626222
quiche	-0.04461007389805479
quick	-0.05728650021910755
ramen	0.015979659817405845
refreshing	0.040653154479796054
relish	-0.0627230960092147
rhubarb	0.040653154479796054
rice	0.008296008078701867
ricevinegar	-0.0306612426898322
rich	0.03109871008278027
ricotta	0.06115961463702776
salad	0.024567500826585466
salsa	0.05954339360190654
salty	0.027526331601046474
sandwich	0.04598541163058187
sauce	0.030610237324118685
savory	-0.014022764576829414
scallions	0.023878191730758364
scallops	0.010231661635264832
seafood	0.04686232394025103
sesame	0.03158752389965075
sesameoil	-0.0306612426898322
sesameseeds	-0.0306612426898322
shrimp	0.02147281471292443
sichuancuisine	-0.005888381634769128
sichuanpeppercorns	0.023878191730758364
sidedish	-0.019274803842647632
sidedishes	-0.04639497170755277
skewers	0.02147281471292443
smoky	0.06107887385399529
snack	0.017066297524866013
snacks	-0.02837297858212939
sobanoodles	0.025298682229737995
soft	0.016859228017715527
souffle	-0.005085132686716381
soup	-0.019560373310903992
sourcream	0.0638815517618794
southern	0.039032371596347135
southerncuisine	0.045962061780462145
soysauce	0.015558800330383184
spam	-0.03520333292717501
spices	-0.026950650103281213
spicy	0.06231612541141868
spicyfood	0.04240281338220584
spinach	0.07122294480355272
spring	-0.006787723600217985
steamed	0.03767102297053782
stirfry	-0.02976657336552749
strawberry	0.040653154479796054
streetfood	0.11103691451517347
stuffedpeppers	0.04240281338220584
summer	-0.005141308326709115
sushi	0.008296008078701867
sweet	-0.038592183111945795
sweetandsalty	-0.1607868284787061
sweetandsavory	0.022303604913233806
sweettreat	0.05080095654116746
taco	0.001166323012150348
tacos	0.055389700842720664
tangy	0.008540295794700038
tart	0.030610237324118685
tea	0.010901483374905242
tempura	0.03610050762993429
tender	0.024248525054229912
texmex	0.029710812312435508
thanksgiving	-0.032112858685096016
toast	0.04598541163058187
tomato	-0.026372854957411908
tomatoes	-0.016696683004847328
tomatosauce	-0.003279657755386583
tortilla	-0.024136046777293158
tortillabowl	0.001166323012150348
tortillachips	-0.0052237564525888566
tortillas	-0.03124255567226904
traditional	0.03767102297053782
twisted	-0.007925072142718143
udonnoodles	0.03610050762993429
vanilla	0.005656100718445992
vanillaicecream	-0.005672524647405498
vegan	0.050417042758371
vegetables	-0.031229746316567185
vegetarian	0.028298702300989534
warm	0.03989947316626222
whippedcream	-0.005672524647405498
winter	0.00879312481906656
yeastdough	-0.007925072142718143
bias	0.46836098693009764
