recipe_slug	rating
falafel	0.8
spamburger	0.0
bacon-fried-rice	0.6
chicken-fingers	0.35
apple-crisp	0.85
cranberry-apple-crisp	0.8
bacon-chocolate-chip-cookies	0.1
sujebi	0.5
pasta-primavera	0.55
ramen	0.75
brownies	0.7
bacon-wrapped-scallops	0.55
bacon-egg-muffins	0.6
breakfast-burritos	0.2
bolognese-sauce	0.65
croissants	0.75
bacon-souffle	0.55
souffle	0.5
chocolate-souffle	0.5
butter-croissants	0.75
pickled-green-beans	0.25
fried-oysters	0.755
peanut-butter-brownies	0.8
almond-chip-cookies	0.77
guacamole	0.8
brioche-bread	0.65
brioche-bread-with-chocolate	0.7
asparagus-quiche	0.2
asparagus-burger	0.05
ma-la-chicken	0.5
cold-noodles-with-tomatoes	0.2
tamales	0.9
enchiladas	0.915
tacos	0.95
burritos	0.925
peanut-butter-cupcakes	0.7
pickled-asparagus	0.15
chocolate-peanut-butter-cake	0.6
udon	0.78
vegetable-lasagna	0.68
maple-bacon-donuts	0.625
maple-bacon-pancakes	0.645
spinach-and-ricotta-stuffed-shells	0.78
quesadillas	0.58
pico-de-gallo	0.6
nachos	0.72
cold-soba-noodles-with-tomato-and-cucumber	0.5
fajitas	0.82
loaded-nachos	0.75
lasagna	0.76
chicken-nuggets	0.5
pain-au-chocolat	0.83
nacho-dip	0.7
nacho-salad	0.7
nacho-casserole	0.67
nacho-fries	0.72
tempura-udon	0.78
peach-crisp	0.82
apple-pie	0.85
blueberry-crisp	0.8
berry-crumble	0.75
strawberry-rhubarb-crisp	0.9
peach-cobbler	0.83
cranberry-sauce	0.33
cherry-cobbler	0.79
apple-crumble	0.825
chocolate-croissants	0.83
french-toast	0.45
chocolate-babka	0.65
cinnamon-babka	0.67
blueberry-crumble	0.74
spam-musubi	0.5
taco-salad	0.52
chiles-rellenos	0.79
almond-croissants	0.65
cranberry-relish	0.05
ma-la-beef	0.45
chocolate-cake	0.57
spinach-quiche	0.565
mushroom-quiche	0.43
quiche-lorraine	0.5
croissant-aux-amandes	0.71
danishes	0.35
spinach-and-feta-quiche	0.68
cold-sesame-noodles	0.705
soba-noodle-salad-with-peanut-dressing	0.725
dan-dan-noodles	0.86
vanilla-souffle	0.6
bacon-wrapped-dates	0.25
cherry-pie	0.75
berry-crisp	0.715
bacon-and-egg-breakfast-sandwich	0.685
bacon-wrapped-shrimp-skewers	0.625
bacon-wrapped-chicken	0.635
bacon-wrapped-asparagus	0.615
bacon-mac-and-cheese	0.785
chicken-alfredo-lasagna	0.655
classic-beef-lasagna	0.685
vegetarian-mushroom-lasagna	0.455
spinach-and-ricotta-lasagna	0.755
