recipe_slug	score_bound	reward
apple-crumble	7.663060746203177	0.825
ramen	7.383510510225348	0.75
quesadillas	7.367255553343614	0.58
ma-la-chicken	7.307407445544375	0.5
pain-au-chocolat	7.1700746821939205	0.83
chocolate-babka	7.106283253285879	0.65
bacon-fried-rice	7.049552818426924	0.6
spamburger	7.009139158200122	0.0
nacho-fries	6.874238847063367	0.72
cranberry-sauce	6.744337083910834	0.33
guacamole	6.6984728392404005	0.8
strawberry-rhubarb-crisp	6.609457441407293	0.9
asparagus-quiche	6.538353437523212	0.2
apple-pie	6.506250308064931	0.85
bacon-wrapped-asparagus	6.408000135641976	0.615
tamales	6.338145625131256	0.9
dan-dan-noodles	6.310647878788813	0.86
brioche-bread	6.308986377710973	0.65
cold-noodles-with-tomatoes	6.285490716901665	0.2
asparagus-burger	6.2119009287150915	0.05
apple-crisp	6.20557159064764	0.85
bacon-wrapped-chicken	6.13570311742062	0.635
tacos	6.05145297571749	0.95
mushroom-quiche	6.018889455301858	0.43
bacon-mac-and-cheese	5.924965064073116	0.785
taco-salad	5.906713664748815	0.52
fajitas	5.882631461509524	0.82
chicken-nuggets	5.8409460967438624	0.5
croissants	5.828713204409123	0.75
spam-musubi	5.720922338049359	0.5
bacon-wrapped-shrimp-skewers	5.676162246782486	0.625
croissant-aux-amandes	5.649450897342412	0.71
cranberry-apple-crisp	5.649042778074458	0.8
chocolate-peanut-butter-cake	5.6099062238572115	0.6
nacho-salad	5.544897443993751	0.7
sujebi	5.512328107097736	0.5
breakfast-burritos	5.449405325438569	0.2
nachos	5.428541118032563	0.72
enchiladas	5.4126145559995145	0.915
spinach-and-ricotta-lasagna	5.369588349769099	0.755
cherry-pie	5.33811502081571	0.75
vanilla-souffle	5.2670792253317895	0.6
soba-noodle-salad-with-peanut-dressing	5.254308499142358	0.725
loaded-nachos	5.225134751734553	0.75
souffle	5.217752486895097	0.5
quiche-lorraine	5.197937846621257	0.5
danishes	5.1858615701032225	0.35
brownies	5.083912412041834	0.7
ma-la-beef	4.957856320794957	0.45
udon	4.954929185892869	0.78
burritos	4.936840963565276	0.925
spinach-and-feta-quiche	4.898740275686931	0.68
peach-crisp	4.892427918236729	0.82
bolognese-sauce	4.8606347628747635	0.65
bacon-egg-muffins	4.859232711917499	0.6
peanut-butter-cupcakes	4.856849161991766	0.7
chiles-rellenos	4.84340637156982	0.79
falafel	4.829526647177631	0.8
tempura-udon	4.8163539495696766	0.78
pickled-green-beans	4.795745651422241	0.25
brioche-bread-with-chocolate	4.787387001845964	0.7
bacon-wrapped-scallops	4.778838825913451	0.55
chicken-alfredo-lasagna	4.72746892058202	0.655
cold-sesame-noodles	4.726573974597998	0.705
maple-bacon-donuts	4.6703185511092	0.625
bacon-and-egg-breakfast-sandwich	4.599977376826123	0.685
almond-croissants	4.5950523663418394	0.65
chicken-fingers	4.5781992917321555	0.35
cold-soba-noodles-with-tomato-and-cucumber	4.560487563625427	0.5
fried-oysters	4.536214138087567	0.755
peach-cobbler	4.527716992470086	0.83
pico-de-gallo	4.494888762966539	0.6
almond-chip-cookies	4.483099621412006	0.77
nacho-casserole	4.428510791976246	0.67
nacho-dip	4.367641596279025	0.7
classic-beef-lasagna	4.351295129123717	0.685
cranberry-relish	4.338947274243593	0.05
berry-crisp	4.311905386748132	0.715
maple-bacon-pancakes	4.298907949648735	0.645
spinach-quiche	4.282548989659221	0.565
bacon-wrapped-dates	4.10605143733677	0.25
pasta-primavera	4.0425321682691235	0.55
french-toast	4.025062644131049	0.45
chocolate-croissants	4.01675565051714	0.83
blueberry-crumble	3.9407738259502647	0.74
pickled-asparagus	3.899500790284343	0.15
bacon-chocolate-chip-cookies	3.8637547304110464	0.1
lasagna	3.871512607765422	0.76
cherry-cobbler	3.8204586446386015	0.79
chocolate-cake	3.7302599252881143	0.57
peanut-butter-brownies	3.6697823041835913	0.8
blueberry-crisp	3.503645550129116	0.8
spinach-and-ricotta-stuffed-shells	3.4983557113846775	0.78
cinnamon-babka	3.4638060839557454	0.67
vegetarian-mushroom-lasagna	3.3421385429419486	0.455
butter-croissants	3.1067205927111328	0.75
chocolate-souffle	3.07376157072917	0.5
berry-crumble	2.9966530747440396	0.75
bacon-souffle	2.9015297747445925	0.55
vegetable-lasagna	2.8126889804318838	0.68
